<?xml version="1.0" encoding="UTF-8"?>
<questestinterop xmlns="http://www.imsglobal.org/xsd/ims_qtiasiv1p2" xmlns:xsi="http://www.w3.org/2001/XMLSchema-instance" xsi:schemaLocation="http://www.imsglobal.org/xsd/ims_qtiasiv1p2 http://www.imsglobal.org/xsd/ims_qtiasiv1p2p1.xsd">
  <assessment ident="6662b6ce4281d3a64ba0bd9e1ebca2c6" title="Example questions">
    <qtimetadata>
      <qtimetadatafield>
        <fieldlabel>cc_maxattempts</fieldlabel>
        <fieldentry>1</fieldentry>
      </qtimetadatafield>
    </qtimetadata>
    <section ident="root_section">
      <item ident="#2003_2" title="Question">
    <itemmetadata>
      <qtimetadata>
        <qtimetadatafield>
          <fieldlabel>question_type</fieldlabel>
          <fieldentry>essay_question</fieldentry>
        </qtimetadatafield>
        <qtimetadatafield>
          <fieldlabel>points_possible</fieldlabel>
          <fieldentry>3.14</fieldentry>
        </qtimetadatafield>
        <qtimetadatafield>
          <fieldlabel>original_answer_ids</fieldlabel>
          <fieldentry></fieldentry>
        </qtimetadatafield>
        <qtimetadatafield>
          <fieldlabel>assessment_question_identifierref</fieldlabel>
          <fieldentry>0f371587aa5e49f7aeaaacb4c08dd8f3</fieldentry>
        </qtimetadatafield>
      </qtimetadata>
    </itemmetadata>
    <presentation>
      <material>
        <mattext texttype="text/html">&lt;p&gt;Example open question.&lt;/p&gt;
</mattext>
      </material>
      <response_str ident="response1" rcardinality="Single">
        <render_fib>
          <response_label ident="answer1" rshuffle="No"/>
        </render_fib>
      </response_str>
    </presentation>
    <resprocessing>
      <outcomes>
        <decvar maxvalue="100" minvalue="0" varname="SCORE" vartype="Decimal"/>
      </outcomes>
      <respcondition continue="No">
        <conditionvar>
          <other/>
        </conditionvar>
      </respcondition>
    </resprocessing>
</item>

<item ident="2013_q2" title="Question">
    <itemmetadata>
      <qtimetadata>
        <qtimetadatafield>
          <fieldlabel>question_type</fieldlabel>
          <fieldentry>multiple_choice_question</fieldentry>
        </qtimetadatafield>
        <qtimetadatafield>
          <fieldlabel>points_possible</fieldlabel>
          <fieldentry>1.00</fieldentry>
        </qtimetadatafield>
        <qtimetadatafield>
          <fieldlabel>original_answer_ids</fieldlabel>
          <fieldentry>62bbbe,941756,197cbb,d2f738</fieldentry>
        </qtimetadatafield>
        <qtimetadatafield>
          <fieldlabel>assessment_question_identifierref</fieldlabel>
          <fieldentry>596ffdbc19fe44c7b695e1e8c209ba08</fieldentry>
        </qtimetadatafield>
      </qtimetadata>
    </itemmetadata>
    <presentation>
      <material>
        <mattext texttype="text/html">&lt;p&gt;Example multiple choice question (question with only one correct answer possible).&lt;/p&gt;
</mattext>
      </material>
      <response_lid ident="response1" rcardinality="Single">
        <render_choice>
            <response_label ident="62bbbe">
            <material>
                <mattext texttype="text/html">&lt;p&gt;First answer&lt;/p&gt;</mattext>
            </material>
        </response_label>
<response_label ident="941756">
            <material>
                <mattext texttype="text/html">&lt;p&gt;Second answer&lt;/p&gt;</mattext>
            </material>
        </response_label>
<response_label ident="197cbb">
            <material>
                <mattext texttype="text/html">&lt;p&gt;Third answer&lt;/p&gt;</mattext>
            </material>
        </response_label>
<response_label ident="d2f738">
            <material>
                <mattext texttype="text/html">&lt;p&gt;Fourth answer&lt;/p&gt;</mattext>
            </material>
        </response_label>
        </render_choice>
      </response_lid>
    </presentation>
    <resprocessing>
      <outcomes>
        <decvar maxvalue="100" minvalue="0" varname="SCORE" vartype="Decimal"/>
      </outcomes>
      <respcondition continue="No">
        <conditionvar>
          <varequal respident="response1">d2f738</varequal>
        </conditionvar>
        <setvar action="Set" varname="SCORE">100</setvar>
      </respcondition>
    </resprocessing>
</item>
<item ident="2015_q1" title="Question">
    <itemmetadata>
      <qtimetadata>
        <qtimetadatafield>
          <fieldlabel>question_type</fieldlabel>
          <fieldentry>multiple_answers_question</fieldentry>
        </qtimetadatafield>
        <qtimetadatafield>
          <fieldlabel>points_possible</fieldlabel>
          <fieldentry>1.00</fieldentry>
        </qtimetadatafield>
        <qtimetadatafield>
          <fieldlabel>original_answer_ids</fieldlabel>
          <fieldentry>5a29c9,d8c255,c2b20a,89291b</fieldentry>
        </qtimetadatafield>
        <qtimetadatafield>
          <fieldlabel>assessment_question_identifierref</fieldlabel>
          <fieldentry>74ad31c30fae44928f048dae6e83d32a</fieldentry>
        </qtimetadatafield>
      </qtimetadata>
    </itemmetadata>
    <presentation>
      <material>
        <mattext texttype="text/html">&lt;p&gt;A multiple response question is a multiple choice question where multiple answers are possible.&lt;/p&gt;
</mattext>
      </material>
      <response_lid ident="response1" rcardinality="Multiple">
        <render_choice>
            <response_label ident="5a29c9">
            <material>
              <mattext texttype="text/html">&lt;p&gt;First answer&lt;/p&gt;</mattext>
            </material>
          </response_label>
<response_label ident="d8c255">
            <material>
              <mattext texttype="text/html">&lt;p&gt;Second answer&lt;/p&gt;</mattext>
            </material>
          </response_label>
<response_label ident="c2b20a">
            <material>
              <mattext texttype="text/html">&lt;p&gt;Third answer&lt;/p&gt;</mattext>
            </material>
          </response_label>
<response_label ident="89291b">
            <material>
              <mattext texttype="text/html">&lt;p&gt;Fourth answer&lt;/p&gt;</mattext>
            </material>
          </response_label>
        </render_choice>
      </response_lid>
    </presentation>
    <resprocessing>
      <outcomes>
        <decvar maxvalue="100" minvalue="0" varname="SCORE" vartype="Decimal"/>
      </outcomes>
      <respcondition continue="No">
        <conditionvar>
          <and>
            <varequal respident="response1">5a29c9</varequal>
<not><varequal respident="response1">d8c255</varequal></not>
<varequal respident="response1">c2b20a</varequal>
<not><varequal respident="response1">89291b</varequal></not>
          </and>
        </conditionvar>
        <setvar action="Set" varname="SCORE">100</setvar>
      </respcondition>
    </resprocessing>
</item>
<item ident="2015_q2" title="Question">
    <itemmetadata>
      <qtimetadata>
        <qtimetadatafield>
          <fieldlabel>question_type</fieldlabel>
          <fieldentry>text_only_question</fieldentry>
        </qtimetadatafield>
        <qtimetadatafield>
          <fieldlabel>points_possible</fieldlabel>
          <fieldentry>0</fieldentry>
        </qtimetadatafield>
        <qtimetadatafield>
          <fieldlabel>original_answer_ids</fieldlabel>
          <fieldentry></fieldentry>
        </qtimetadatafield>
        <qtimetadatafield>
          <fieldlabel>assessment_question_identifierref</fieldlabel>
          <fieldentry>f5ae8a651a414e5782bfdcacebb1807f</fieldentry>
        </qtimetadatafield>
      </qtimetadata>
    </itemmetadata>
    <presentation>
      <material>
        <mattext texttype="text/html">&lt;p&gt;This is not a question, but a piece of text. Can be used to inject information in a series of questions.&lt;/p&gt;
</mattext>
      </material>
    </presentation>
</item>

<item ident="&lt;some_random_string&gt;" title="Question">
    <itemmetadata>
      <qtimetadata>
        <qtimetadatafield>
          <fieldlabel>question_type</fieldlabel>
          <fieldentry>multiple_choice_question</fieldentry>
        </qtimetadatafield>
        <qtimetadatafield>
          <fieldlabel>points_possible</fieldlabel>
          <fieldentry>1.00</fieldentry>
        </qtimetadatafield>
        <qtimetadatafield>
          <fieldlabel>original_answer_ids</fieldlabel>
          <fieldentry>958b0a,c97757</fieldentry>
        </qtimetadatafield>
        <qtimetadatafield>
          <fieldlabel>assessment_question_identifierref</fieldlabel>
          <fieldentry>28940e86a7f54caf91dd68d459cb7f95</fieldentry>
        </qtimetadatafield>
      </qtimetadata>
    </itemmetadata>
    <presentation>
      <material>
        <mattext texttype="text/html">&lt;p&gt;Due to the "|" operator, all newlines in this text will be kept intact. That is, this line will appear on a new line in the example file. The "-" operator at the end (i.e "|-") indicates we want to remove any pending new line at the end.&lt;/p&gt;
&lt;p&gt;Furthermore, this question adds a lot of meta data to the question.&lt;/p&gt;
&lt;p&gt;Question: Which basic variants of line folding are there in Ybe?&lt;/p&gt;
</mattext>
      </material>
      <response_lid ident="response1" rcardinality="Single">
        <render_choice>
            <response_label ident="958b0a">
            <material>
                <mattext texttype="text/html">&lt;p&gt;0 variants&lt;/p&gt;</mattext>
            </material>
        </response_label>
<response_label ident="c97757">
            <material>
                <mattext texttype="text/html">&lt;p&gt;1 variant: with or without the "|" operator&lt;/p&gt;</mattext>
            </material>
        </response_label>
        </render_choice>
      </response_lid>
    </presentation>
    <resprocessing>
      <outcomes>
        <decvar maxvalue="100" minvalue="0" varname="SCORE" vartype="Decimal"/>
      </outcomes>
      <respcondition continue="No">
        <conditionvar>
          <varequal respident="response1">c97757</varequal>
        </conditionvar>
        <setvar action="Set" varname="SCORE">100</setvar>
      </respcondition>
    </resprocessing>
</item>
<item ident="#2003_1" title="Question">
    <itemmetadata>
      <qtimetadata>
        <qtimetadatafield>
          <fieldlabel>question_type</fieldlabel>
          <fieldentry>essay_question</fieldentry>
        </qtimetadatafield>
        <qtimetadatafield>
          <fieldlabel>points_possible</fieldlabel>
          <fieldentry>3.00</fieldentry>
        </qtimetadatafield>
        <qtimetadatafield>
          <fieldlabel>original_answer_ids</fieldlabel>
          <fieldentry></fieldentry>
        </qtimetadatafield>
        <qtimetadatafield>
          <fieldlabel>assessment_question_identifierref</fieldlabel>
          <fieldentry>6fcd61bd6e2243d2809bc4e05039c82c</fieldentry>
        </qtimetadatafield>
      </qtimetadata>
    </itemmetadata>
    <presentation>
      <material>
        <mattext texttype="text/html">&lt;p&gt;Since "text" is short for "text_markdown", you can use Markdown syntax to markup your document.&lt;/p&gt;
&lt;p&gt;For example:&lt;/p&gt;
&lt;ol style="list-style-type: decimal"&gt;
&lt;li&gt;this is a list&lt;/li&gt;
&lt;li&gt;&lt;em&gt;with this in italics&lt;/em&gt;&lt;/li&gt;
&lt;li&gt;&lt;strong&gt;and in bold&lt;/strong&gt;&lt;/li&gt;
&lt;/ol&gt;
&lt;p&gt;This is a famous formula inline: &lt;img alt="alt=LaTeX: E=mc^2" class="equation_image" data-equation-content="E=mc^2" src="/equation_images/E%253Dmc%255E2" title="E=mc^2"/&gt; and this is a basic displayed formula:&lt;/p&gt;
&lt;p&gt;&lt;img alt="alt=LaTeX:  a^2 = b^2 + c^2 " class="equation_image" data-equation-content=" a^2 = b^2 + c^2 " src="/equation_images/%2520a%255E2%2520%253D%2520b%255E2%2520%252B%2520c%255E2%2520" title=" a^2 = b^2 + c^2 "/&gt;&lt;/p&gt;
&lt;p&gt;And it all costs $0.0!&lt;/p&gt;
&lt;p&gt;Next to that, here is an image from Escher:&lt;br/&gt;
&lt;img alt="Escher" src="escher.jpg" style="width:100.0%"/&gt;&lt;/p&gt;
</mattext>
      </material>
      <response_str ident="response1" rcardinality="Single">
        <render_fib>
          <response_label ident="answer1" rshuffle="No"/>
        </render_fib>
      </response_str>
    </presentation>
    <resprocessing>
      <outcomes>
        <decvar maxvalue="100" minvalue="0" varname="SCORE" vartype="Decimal"/>
      </outcomes>
      <respcondition continue="No">
        <conditionvar>
          <other/>
        </conditionvar>
      </respcondition>
    </resprocessing>
</item>

    </section>
  </assessment>
</questestinterop>
