<?xml version="1.0" encoding="UTF-8"?>
<manifest identifier="g09594802fa8c72b97d5d40b719c606d1" xmlns="http://www.imsglobal.org/xsd/imsccv1p1/imscp_v1p1" xmlns:lom="http://ltsc.ieee.org/xsd/imsccv1p1/LOM/resource" xmlns:imsmd="http://www.imsglobal.org/xsd/imsmd_v1p2" xmlns:xsi="http://www.w3.org/2001/XMLSchema-instance" xsi:schemaLocation="http://www.imsglobal.org/xsd/imsccv1p1/imscp_v1p1 http://www.imsglobal.org/xsd/imscp_v1p1.xsd http://ltsc.ieee.org/xsd/imsccv1p1/LOM/resource http://www.imsglobal.org/profile/cc/ccv1p1/LOM/ccv1p1_lomresource_v1p0.xsd http://www.imsglobal.org/xsd/imsmd_v1p2 http://www.imsglobal.org/xsd/imsmd_v1p2p2.xsd">
  <metadata>
    <schema>IMS Content</schema>
    <schemaversion>1.1.3</schemaversion>
    <imsmd:lom>
      <imsmd:general>
        <imsmd:title>
          <imsmd:string>QTI Quiz Export for course "Your Guided Course Template"</imsmd:string>
        </imsmd:title>
      </imsmd:general>
      <imsmd:lifeCycle>
        <imsmd:contribute>
          <imsmd:date>
            <imsmd:dateTime>2021-01-28</imsmd:dateTime>
          </imsmd:date>
        </imsmd:contribute>
      </imsmd:lifeCycle>
      <imsmd:rights>
        <imsmd:copyrightAndOtherRestrictions>
          <imsmd:value>yes</imsmd:value>
        </imsmd:copyrightAndOtherRestrictions>
        <imsmd:description>
          <imsmd:string>Private (Copyrighted) - http://en.wikipedia.org/wiki/Copyright</imsmd:string>
        </imsmd:description>
      </imsmd:rights>
    </imsmd:lom>
  </metadata>
  <organizations/>
  <resources>
    <resource identifier="g63c77d5d2aa29f7cbd7861d4498f9b8f" type="imsqti_xmlv1p2">
      <file href="g63c77d5d2aa29f7cbd7861d4498f9b8f/g63c77d5d2aa29f7cbd7861d4498f9b8f.xml"/>
      <dependency identifierref="g94a2df645742e0eaa5fa512b30494c35"/>
    </resource>
    <resource identifier="g94a2df645742e0eaa5fa512b30494c35" type="associatedcontent/imscc_xmlv1p1/learning-application-resource" href="g63c77d5d2aa29f7cbd7861d4498f9b8f/assessment_meta.xml">
      <file href="g63c77d5d2aa29f7cbd7861d4498f9b8f/assessment_meta.xml"/>
    </resource>
    <resource identifier="g043eb5577084e0df6b0675c9466a39b3" type="webcontent" href="homeicon.png">
      <file href="homeicon.png"/>
    </resource>
    <resource identifier="g064110e2a561b38a3b836e6e4cfafd3e" type="webcontent" href="ifs_080_by_krzysztofmarczak-d6onv1z.png.jpe">
      <file href="ifs_080_by_krzysztofmarczak-d6onv1z.png.jpe"/>
    </resource>
    <resource identifier="g4d560493a68e7475cc3ce9120b1ddf62" type="webcontent" href="quizbanner.png">
      <file href="quizbanner.png"/>
    </resource>
  </resources>
</manifest>
