<?xml version="1.0" encoding="UTF-8"?>
<manifest identifier="fcdd7237cb96492685d0d4b0e84240af" xmlns="http://www.imsglobal.org/xsd/imsccv1p1/imscp_v1p1" xmlns:lom="http://ltsc.ieee.org/xsd/imsccv1p1/LOM/resource" xmlns:imsmd="http://www.imsglobal.org/xsd/imsmd_v1p2" xmlns:xsi="http://www.w3.org/2001/XMLSchema-instance" xsi:schemaLocation="http://www.imsglobal.org/xsd/imsccv1p1/imscp_v1p1 http://www.imsglobal.org/xsd/imscp_v1p1.xsd http://ltsc.ieee.org/xsd/imsccv1p1/LOM/resource http://www.imsglobal.org/profile/cc/ccv1p1/LOM/ccv1p1_lomresource_v1p0.xsd http://www.imsglobal.org/xsd/imsmd_v1p2 http://www.imsglobal.org/xsd/imsmd_v1p2p2.xsd">
  <metadata>
    <schema>IMS Content</schema>
    <schemaversion>1.1.3</schemaversion>
    <imsmd:lom>
      <imsmd:general>
        <imsmd:title>
          <imsmd:string>Ybe to QTI conversion for assessment "Example questions"</imsmd:string>
        </imsmd:title>
      </imsmd:general>
      <imsmd:lifeCycle>
        <imsmd:contribute>
          <imsmd:date>
            <imsmd:dateTime>2020-04-07</imsmd:dateTime>
          </imsmd:date>
        </imsmd:contribute>
      </imsmd:lifeCycle>
      <imsmd:rights>
        <imsmd:copyrightAndOtherRestrictions>
          <imsmd:value>yes</imsmd:value>
        </imsmd:copyrightAndOtherRestrictions>
        <imsmd:description>
          <imsmd:string>Private (Copyrighted) - http://en.wikipedia.org/wiki/Copyright</imsmd:string>
        </imsmd:description>
      </imsmd:rights>
    </imsmd:lom>
  </metadata>
  <organizations/>
  <resources>
    <resource identifier="6662b6ce4281d3a64ba0bd9e1ebca2c6" type="imsqti_xmlv1p2">
      <file href="6662b6ce4281d3a64ba0bd9e1ebca2c6/6662b6ce4281d3a64ba0bd9e1ebca2c6.xml"/>
      <dependency identifierref="d38565ad95d347749a00a7ac7d85dc28"/>
    </resource>
    <resource identifier="d38565ad95d347749a00a7ac7d85dc28" type="associatedcontent/imscc_xmlv1p1/learning-application-resource" href="6662b6ce4281d3a64ba0bd9e1ebca2c6/assessment_meta.xml">
      <file href="6662b6ce4281d3a64ba0bd9e1ebca2c6/assessment_meta.xml"/>
    </resource>
    <resource identifier="62b103414f394c0ebfef6e4e782b17af" type="webcontent" href="escher.jpg">
            <file href="escher.jpg"/>
        </resource>
  </resources>
</manifest>
