<?xml version="1.0" encoding="UTF-8"?>
<quiz identifier="g63c77d5d2aa29f7cbd7861d4498f9b8f" xmlns="http://canvas.instructure.com/xsd/cccv1p0" xmlns:xsi="http://www.w3.org/2001/XMLSchema-instance" xsi:schemaLocation="http://canvas.instructure.com/xsd/cccv1p0 https://canvas.instructure.com/xsd/cccv1p0.xsd">
  <title>Sample Quiz</title>
  <description>&lt;hr&gt;
&lt;p&gt;&lt;img src="%24IMS-CC-FILEBASE%24/quizbanner.png" alt="quizbanner.png" width="100%"&gt;&lt;/p&gt;
&lt;hr&gt;
&lt;p&gt;&lt;strong&gt;&lt;span style="font-size: 18pt;"&gt;This is a sample quiz. &lt;/span&gt;&lt;/strong&gt;&lt;/p&gt;
&lt;p&gt;&lt;span style="font-size: 14pt;"&gt;Select the &lt;strong&gt;Edit &lt;/strong&gt;button to customise your quiz instructions, format, and questions. &lt;/span&gt;&lt;/p&gt;
&lt;p&gt; &lt;/p&gt;
&lt;p&gt;&lt;span style="font-size: 14pt;"&gt;&lt;em&gt;Want to add questions? Select &lt;strong&gt;Edit &lt;/strong&gt;and then the &lt;strong&gt;Questions &lt;/strong&gt;tab at the top.&lt;/em&gt;&lt;/span&gt;&lt;/p&gt;
&lt;hr&gt;
&lt;p&gt; &lt;/p&gt;</description>
  <shuffle_answers>false</shuffle_answers>
  <scoring_policy>keep_highest</scoring_policy>
  <hide_results></hide_results>
  <quiz_type>assignment</quiz_type>
  <points_possible>8.0</points_possible>
  <require_lockdown_browser>false</require_lockdown_browser>
  <require_lockdown_browser_for_results>false</require_lockdown_browser_for_results>
  <require_lockdown_browser_monitor>false</require_lockdown_browser_monitor>
  <lockdown_browser_monitor_data></lockdown_browser_monitor_data>
  <show_correct_answers>true</show_correct_answers>
  <anonymous_submissions>false</anonymous_submissions>
  <could_be_locked>true</could_be_locked>
  <disable_timer_autosubmission>false</disable_timer_autosubmission>
  <allowed_attempts>1</allowed_attempts>
  <one_question_at_a_time>false</one_question_at_a_time>
  <cant_go_back>false</cant_go_back>
  <available>true</available>
  <one_time_results>false</one_time_results>
  <show_correct_answers_last_attempt>false</show_correct_answers_last_attempt>
  <only_visible_to_overrides>false</only_visible_to_overrides>
  <module_locked>false</module_locked>
  <assignment identifier="gc20efc6672b689328066ff7512f9e728">
    <title>Sample Quiz</title>
    <due_at/>
    <lock_at/>
    <unlock_at/>
    <module_locked>false</module_locked>
    <workflow_state>published</workflow_state>
    <assignment_overrides>
    </assignment_overrides>
    <quiz_identifierref>g63c77d5d2aa29f7cbd7861d4498f9b8f</quiz_identifierref>
    <allowed_extensions></allowed_extensions>
    <has_group_category>false</has_group_category>
    <points_possible>8.0</points_possible>
    <grading_type>points</grading_type>
    <all_day>false</all_day>
    <submission_types>online_quiz</submission_types>
    <position>1</position>
    <turnitin_enabled>false</turnitin_enabled>
    <vericite_enabled>false</vericite_enabled>
    <peer_review_count>0</peer_review_count>
    <peer_reviews>false</peer_reviews>
    <automatic_peer_reviews>false</automatic_peer_reviews>
    <anonymous_peer_reviews>false</anonymous_peer_reviews>
    <grade_group_students_individually>false</grade_group_students_individually>
    <freeze_on_copy>false</freeze_on_copy>
    <omit_from_final_grade>false</omit_from_final_grade>
    <intra_group_peer_reviews>false</intra_group_peer_reviews>
    <only_visible_to_overrides>false</only_visible_to_overrides>
    <post_to_sis>false</post_to_sis>
    <moderated_grading>false</moderated_grading>
    <grader_count>0</grader_count>
    <grader_comments_visible_to_graders>true</grader_comments_visible_to_graders>
    <anonymous_grading>false</anonymous_grading>
    <graders_anonymous_to_graders>false</graders_anonymous_to_graders>
    <grader_names_visible_to_final_grader>true</grader_names_visible_to_final_grader>
    <anonymous_instructor_annotations>false</anonymous_instructor_annotations>
    <post_policy>
      <post_manually>false</post_manually>
    </post_policy>
  </assignment>
  <assignment_group_identifierref>g6e32512e05c9cd8caf69a4415695fe0f</assignment_group_identifierref>
  <assignment_overrides>
  </assignment_overrides>
</quiz>
