<?xml version="1.0" encoding="UTF-8"?>
<questestinterop xmlns="http://www.imsglobal.org/xsd/ims_qtiasiv1p2" xmlns:xsi="http://www.w3.org/2001/XMLSchema-instance" xsi:schemaLocation="http://www.imsglobal.org/xsd/ims_qtiasiv1p2 http://www.imsglobal.org/xsd/ims_qtiasiv1p2p1.xsd">
  <assessment ident="g63c77d5d2aa29f7cbd7861d4498f9b8f" title="Sample Quiz">
    <qtimetadata>
      <qtimetadatafield>
        <fieldlabel>cc_maxattempts</fieldlabel>
        <fieldentry>1</fieldentry>
      </qtimetadatafield>
    </qtimetadata>
    <section ident="root_section">
      <item ident="g588cd357ff565bc55b6b217aec86cd47" title="Question">
        <itemmetadata>
          <qtimetadata>
            <qtimetadatafield>
              <fieldlabel>question_type</fieldlabel>
              <fieldentry>multiple_choice_question</fieldentry>
            </qtimetadatafield>
            <qtimetadatafield>
              <fieldlabel>points_possible</fieldlabel>
              <fieldentry>1.0</fieldentry>
            </qtimetadatafield>
            <qtimetadatafield>
              <fieldlabel>original_answer_ids</fieldlabel>
              <fieldentry>92110,77429,2868,98345</fieldentry>
            </qtimetadatafield>
            <qtimetadatafield>
              <fieldlabel>assessment_question_identifierref</fieldlabel>
              <fieldentry>ge0ff815db4442e6b664fa72ae9bf2cf2</fieldentry>
            </qtimetadatafield>
          </qtimetadata>
        </itemmetadata>
        <presentation>
          <material>
            <mattext texttype="text/html">&lt;div&gt;
&lt;p&gt;&lt;span style="font-size: 14pt;"&gt;&lt;em&gt;Here is a sample multiple choice question. Select the pencil icon to make it your own. &lt;/em&gt;&lt;/span&gt;&lt;/p&gt;
&lt;p&gt; &lt;/p&gt;
&lt;p&gt;&lt;strong&gt;Bold&lt;/strong&gt;&lt;/p&gt;
&lt;p&gt;&lt;em&gt;Italic&lt;/em&gt;&lt;/p&gt;
&lt;p&gt;&lt;span style="text-decoration: underline;"&gt;Underlined&lt;/span&gt;&lt;/p&gt;
&lt;p&gt;&lt;span style="color: #ff0000;"&gt;In red&lt;/span&gt;&lt;/p&gt;
&lt;p&gt;&lt;span style="color: #000000;"&gt;Table:&lt;/span&gt;&lt;/p&gt;
&lt;table style="border-collapse: collapse; width: 100%;" border="1"&gt;
&lt;tbody&gt;
&lt;tr&gt;
&lt;td style="width: 33.3333%;"&gt;&lt;/td&gt;
&lt;td style="width: 33.3333%;"&gt;&lt;/td&gt;
&lt;td style="width: 33.3333%;"&gt;&lt;/td&gt;
&lt;/tr&gt;
&lt;tr&gt;
&lt;td style="width: 33.3333%;"&gt;&lt;/td&gt;
&lt;td style="width: 33.3333%;"&gt;&lt;/td&gt;
&lt;td style="width: 33.3333%;"&gt;&lt;/td&gt;
&lt;/tr&gt;
&lt;tr&gt;
&lt;td style="width: 33.3333%;"&gt;&lt;/td&gt;
&lt;td style="width: 33.3333%;"&gt;&lt;/td&gt;
&lt;td style="width: 33.3333%;"&gt;&lt;/td&gt;
&lt;/tr&gt;
&lt;/tbody&gt;
&lt;/table&gt;
&lt;p&gt;&lt;img src="%24IMS-CC-FILEBASE%24/homeicon.png?canvas_download=1&amp;amp;canvas_qs_download_frd=1" alt="homeicon.png"&gt;&lt;/p&gt;
&lt;p&gt;Second image:&lt;/p&gt;
&lt;p&gt;&lt;img src="%24IMS-CC-FILEBASE%24/ifs_080_by_krzysztofmarczak-d6onv1z.png.jpe?canvas_download=1&amp;amp;canvas_qs_download_frd=1" alt="ifs_080_by_krzysztofmarczak-d6onv1z.png.jpe"&gt;&lt;/p&gt;
&lt;p&gt; &lt;/p&gt;
&lt;p&gt;Equation:&lt;/p&gt;
&lt;p&gt;&lt;img class="equation_image" title="\sum x^2" src="https://canvas.instructure.com/equation_images/%255Csum%2520x%255E2" alt="LaTeX: \sum x^2" data-equation-content="\sum x^2"&gt;&lt;/p&gt;
&lt;p&gt; &lt;/p&gt;
&lt;/div&gt;</mattext>
          </material>
          <response_lid ident="response1" rcardinality="Single">
            <render_choice>
              <response_label ident="92110">
                <material>
                  <mattext texttype="text/html">&lt;p&gt;Option 1&lt;/p&gt;</mattext>
                </material>
              </response_label>
              <response_label ident="77429">
                <material>
                  <mattext texttype="text/plain">Option 2</mattext>
                </material>
              </response_label>
              <response_label ident="2868">
                <material>
                  <mattext texttype="text/plain">Option 3</mattext>
                </material>
              </response_label>
              <response_label ident="98345">
                <material>
                  <mattext texttype="text/plain">Option 4</mattext>
                </material>
              </response_label>
            </render_choice>
          </response_lid>
        </presentation>
        <resprocessing>
          <outcomes>
            <decvar maxvalue="100" minvalue="0" varname="SCORE" vartype="Decimal"/>
          </outcomes>
          <respcondition continue="Yes">
            <conditionvar>
              <varequal respident="response1">92110</varequal>
            </conditionvar>
            <displayfeedback feedbacktype="Response" linkrefid="92110_fb"/>
          </respcondition>
          <respcondition continue="No">
            <conditionvar>
              <varequal respident="response1">77429</varequal>
            </conditionvar>
            <setvar action="Set" varname="SCORE">100</setvar>
          </respcondition>
        </resprocessing>
        <itemfeedback ident="92110_fb">
          <flow_mat>
            <material>
              <mattext texttype="text/html">&lt;p&gt;This is not correct!&lt;/p&gt;</mattext>
            </material>
          </flow_mat>
        </itemfeedback>
      </item>
      <item ident="g7daadb9394b89a6e232248be97f7c2ba" title="Question">
        <itemmetadata>
          <qtimetadata>
            <qtimetadatafield>
              <fieldlabel>question_type</fieldlabel>
              <fieldentry>essay_question</fieldentry>
            </qtimetadatafield>
            <qtimetadatafield>
              <fieldlabel>points_possible</fieldlabel>
              <fieldentry>5.0</fieldentry>
            </qtimetadatafield>
            <qtimetadatafield>
              <fieldlabel>original_answer_ids</fieldlabel>
              <fieldentry></fieldentry>
            </qtimetadatafield>
            <qtimetadatafield>
              <fieldlabel>assessment_question_identifierref</fieldlabel>
              <fieldentry>gb31a17f6142674aa521a3bdafd18a45a</fieldentry>
            </qtimetadatafield>
          </qtimetadata>
        </itemmetadata>
        <presentation>
          <material>
            <mattext texttype="text/html">&lt;div&gt;&lt;p&gt;This is an open question.&lt;/p&gt;&lt;/div&gt;</mattext>
          </material>
          <response_str ident="response1" rcardinality="Single">
            <render_fib>
              <response_label ident="answer1" rshuffle="No"/>
            </render_fib>
          </response_str>
        </presentation>
        <resprocessing>
          <outcomes>
            <decvar maxvalue="100" minvalue="0" varname="SCORE" vartype="Decimal"/>
          </outcomes>
          <respcondition continue="No">
            <conditionvar>
              <other/>
            </conditionvar>
          </respcondition>
        </resprocessing>
      </item>
      <item ident="g1a874bd5d26d39e956ee0c4d21ee4816" title="Question">
        <itemmetadata>
          <qtimetadata>
            <qtimetadatafield>
              <fieldlabel>question_type</fieldlabel>
              <fieldentry>multiple_answers_question</fieldentry>
            </qtimetadatafield>
            <qtimetadatafield>
              <fieldlabel>points_possible</fieldlabel>
              <fieldentry>2.0</fieldentry>
            </qtimetadatafield>
            <qtimetadatafield>
              <fieldlabel>original_answer_ids</fieldlabel>
              <fieldentry>4587,5333,37,6707</fieldentry>
            </qtimetadatafield>
            <qtimetadatafield>
              <fieldlabel>assessment_question_identifierref</fieldlabel>
              <fieldentry>g8677e01981766e1fd57b7c0a31da24ed</fieldentry>
            </qtimetadatafield>
          </qtimetadata>
        </itemmetadata>
        <presentation>
          <material>
            <mattext texttype="text/html">&lt;div&gt;&lt;p&gt;This is a multiple response question. 1 and 3 are correct.&lt;/p&gt;&lt;/div&gt;</mattext>
          </material>
          <response_lid ident="response1" rcardinality="Multiple">
            <render_choice>
              <response_label ident="4587">
                <material>
                  <mattext texttype="text/plain">Answer 1</mattext>
                </material>
              </response_label>
              <response_label ident="5333">
                <material>
                  <mattext texttype="text/plain">Answer 2</mattext>
                </material>
              </response_label>
              <response_label ident="37">
                <material>
                  <mattext texttype="text/plain">Answer 3</mattext>
                </material>
              </response_label>
              <response_label ident="6707">
                <material>
                  <mattext texttype="text/plain">Answer 4</mattext>
                </material>
              </response_label>
            </render_choice>
          </response_lid>
        </presentation>
        <resprocessing>
          <outcomes>
            <decvar maxvalue="100" minvalue="0" varname="SCORE" vartype="Decimal"/>
          </outcomes>
          <respcondition continue="No">
            <conditionvar>
              <and>
                <varequal respident="response1">4587</varequal>
                <not>
                  <varequal respident="response1">5333</varequal>
                </not>
                <varequal respident="response1">37</varequal>
                <not>
                  <varequal respident="response1">6707</varequal>
                </not>
              </and>
            </conditionvar>
            <setvar action="Set" varname="SCORE">100</setvar>
          </respcondition>
        </resprocessing>
      </item>
      <item ident="gc4166dfab9b0b053e763053879125366" title="Question">
        <itemmetadata>
          <qtimetadata>
            <qtimetadatafield>
              <fieldlabel>question_type</fieldlabel>
              <fieldentry>text_only_question</fieldentry>
            </qtimetadatafield>
            <qtimetadatafield>
              <fieldlabel>points_possible</fieldlabel>
              <fieldentry>0</fieldentry>
            </qtimetadatafield>
            <qtimetadatafield>
              <fieldlabel>original_answer_ids</fieldlabel>
              <fieldentry></fieldentry>
            </qtimetadatafield>
            <qtimetadatafield>
              <fieldlabel>assessment_question_identifierref</fieldlabel>
              <fieldentry>gf47b767d37e06559ff801f2d253307ba</fieldentry>
            </qtimetadatafield>
          </qtimetadata>
        </itemmetadata>
        <presentation>
          <material>
            <mattext texttype="text/html">&lt;div&gt;&lt;p&gt;This is not a question, but a piece of text. Can be used to inject information in a series of questions.&lt;/p&gt;&lt;/div&gt;</mattext>
          </material>
        </presentation>
      </item>
    </section>
  </assessment>
</questestinterop>
